CK-1-2025|178-81
CK-1-2025|278-81
CK-2-2025|178-82
CK-2-2025|278-82
CK-2-2025|378-81
CK-3-2025|378-82
CK-3-2025|478-81
CK-3-2025|478-82
CK-4-2024|478-83
CK-4-2024|578-81
CK-4-2024|578-82
CK-5-2023|578-83
CK-5-2023|678-81
CK-5-2023|678-82
CK-5-2023|678-83
CK-6-2025|778-81
CK-6-2025|778-82
CK-6-2025|778-83
CK-7-2024|878-81
CK-7-2024|878-82
CK-7-2024|978-81
CK-8-2025|978-82
CK-8-2025|978-83
CK-8-2025|078-81
CK-56-2022|078-82
CK-56-2022|078-83
CK-123-2024|178-83
CK-123-2024|278-83
CK-123-2024|378-83
CK-123-2024|478-83
CK-56-2022|578-82
